date,interval_1,crypto_1,crypto_15,crypto_60,crypto_240,gold_15,gold_60,gold_240,vix_15,vix_60,vix_240,sap_15,sap_60,sap_240,trend_15,trend_60,trend_240,interval_15,interval_60,interval_240
2022-05-02 16:23:00,-75.0,228.001953125,33.43129314458929,-38.94550800128491,-5.7417810162951355,-0.5208984568942014,0.2800752958432895,0.005990888727410493,-0.2347057948118021,0.05692712432985303,-0.03739325878483157,1.562469844446241,-3.663146828918798,0.3554752647814894,-0.2091523292908164,0.23322846827505828,-0.12580825425384035,0.002450850129307014,0.0014502824025584005,-8.14528061710007e-06
2022-05-02 18:44:00,124.0,-737.75,-527.6553535685234,-298.8931120257257,-49.47626005617349,-5.6257143228560835,-2.4818657900400467,-0.013657790720344565,1.5368494567002529,0.0549179888412894,-0.4366831874791899,-44.05816860898494,-11.861212409589825,5.125737841642149,1.7557076029423087,-0.45343398630723186,-1.5918984319009866,0.005734947765212439,0.002925302989233103,3.2532487850289726e-05
2022-05-02 20:01:00,-64.0,494.748046875,293.6879244920201,67.75864221208758,-20.27010947218514,-0.4981920787627132,-0.8686167249184109,-0.08232881712569906,-3.510782167395277,-1.5121672364236076,-0.3018856630124702,72.92424574024017,31.499890544628215,4.322816456779037,-5.365186379334816,-2.8762815076460555,-1.2191777918614974,0.008305401863559325,0.004625070855112767,7.290527378245315e-06
2022-05-02 21:03:00,-15.0,-279.7490234375,-109.60687494183367,82.28788418734621,-10.657576633479039,0.7225086328553516,0.24201918841458792,-0.11399439593719762,-0.12804342820503223,-0.7547742310061238,-0.24813832052021922,3.939029228079562,16.022198208015652,3.8978504328733834,1.3447596474294272,-1.3638681185861117,-1.063405884513429,0.010586178474326857,0.0058307086208557735,-6.777446262162812e-05
2022-05-02 22:16:00,11.0,524.7470703125,296.2000117307907,95.17786953924224,-6.968016870880092,0.6914597517525181,0.4556721828648733,-0.19622289166613882,0.00010819340617018725,-0.17097331228784896,-0.2726805792278171,0.0,3.7916380970636965,4.568184457268217,-2.3190433182958827,-3.06165126203868,-1.2083954890219246,0.015198023519090498,0.007361272867882462,3.94981961449048e-06
2022-05-02 22:57:00,-32.0,-251.498046875,-55.520984360948205,10.095233249856392,-2.05382892813941,-0.2741338406226532,0.17610722289737168,-0.14419580249978026,0.0,-0.007057838903499203,-0.1360574194028743,0.0,0.18003675600175484,2.369024087951402,-6.650354169645823,-2.5924228756294383,-0.598817209435822,0.01927611339228008,0.00884900600528482,1.815304581498367e-05
2022-05-02 23:23:00,-15.0,156.0,20.278524685789307,-15.165232810657471,-0.8587776261920226,-0.560538383448602,0.13041524863842824,-0.10583774640781485,0.0,-0.0005340053755986673,-0.07840395907484776,0.0,0.016738659042857762,1.3858673666954928,-1.915498651167347,-1.338624536106778,-0.3336373538844839,0.023624687366798014,0.010287740906271381,2.089912926805937e-05
2022-05-03 01:12:00,83.0,-366.2490234375,-226.72526157129323,-106.96527904397954,-1.9071812976180809,1.50268277873829,-0.2846222588668752,-0.5790680959903511,0.0,-3.389814717280615e-05,-0.2579316663885365,0.0,0.002723801952015492,4.592769895643869,3.627593140821922,-1.2816472956210276,-0.8833664035020661,0.02830744869309143,0.011760681028796682,2.0479934661921106e-05
2022-05-03 02:05:00,-56.0,199.7509765625,88.53586619995622,-8.909404178222758,-0.7247552096232539,-3.686533028168924,-0.6906635562802421,-0.358772395313963,0.0,0.0,-0.087298250537998,0.0,0.0,1.5053244658320182,-5.186254481434624,0.31816817984794454,-0.09038616705966263,0.033220357079599694,0.013187403458147173,1.634691963658952e-05
2022-05-03 02:41:00,-17.0,-241.0009765625,-79.31212988819607,6.423848515609279,-0.5749811766945641,1.674725450109463,-0.11352551317622783,-0.26560063320789595,0.0,0.0,-0.047920671041666196,0.0,0.0,0.7840690875373184,4.813317833095972,0.687214926471782,0.06308503324535764,0.03829907962109047,0.014619326932830745,1.661492478888249e-05
2022-05-03 03:28:00,11.0,256.5,102.68979197767476,11.699524530631606,-0.9102766683572554,1.3642988729232002,-0.06338395155512444,-0.35985432501001924,0.0,-2.443755577274942e-05,-0.051879893985017134,0.0,0.0,0.7863858725504542,0.36665417482336693,1.431086382119858,0.21756034363939136,0.04328971013710259,0.016234541738079145,1.8357385187073305e-05
2022-05-03 04:26:00,11.0,-120.0009765625,-39.14043852243776,6.7199117914860835,-1.562044585502008,-1.1234719603514804,-0.957788087939889,-0.43234400122150873,0.0,-0.001203459088408465,-0.052477656510092174,0.0,0.0,0.6946409466436307,1.3943470482346498,2.0288746133391413,0.439459402181015,0.04868440590063727,0.017680317190944095,5.6822953240498464e-05
2022-05-03 04:56:00,-28.0,75.0,-2.724433027091436,0.9452984417002881,-1.1235940701517393,-2.914776083633569,-0.7945931840322373,-0.20184134976670975,0.0,-0.003974717035539754,-0.024216218235068254,0.0,0.0,0.280913719817363,2.0259574287526476,1.086028346230549,0.2818236174693425,0.05199217682859825,0.018835559972828264,-1.855115566229415e-05
2022-05-03 05:08:00,-18.0,-139.7490234375,-11.634435732710699,0.6731142100252328,-0.5361246278189356,-0.6475897162670208,-0.31738313178493627,-0.07387109600358599,0.0,-0.0034735614583425445,-0.009398756428126376,0.0,0.0,0.10299413154643844,0.9962874950224432,0.42387108309884525,0.12019522112130687,0.05536080929135778,0.020643982835039765,-1.854987559113397e-05
2022-05-03 06:05:00,45.0,139.7490234375,39.08585995931935,8.484999249769317,-3.480424356479489,0.7711761372861474,-1.3181412621574964,-0.27546869078423697,0.0,-0.051748625526052194,-0.044404601220790596,0.0,0.0,0.4579983717358118,2.608723999336192,1.5634422975129638,0.6066323881762514,0.057689990388233525,0.02208170012302446,-1.4175142453609624e-05
2022-05-03 06:16:00,-46.0,-87.0,-0.40027669355185935,2.678553581208689,-0.8989583219008637,-0.007267335303595246,-0.23949568734428794,-0.03543646912544318,-1.0637221208753544e-05,-0.019863154006074524,-0.008822729020181441,0.0,0.0,0.08856197530167265,0.8717180293829188,0.16719284685605373,0.12067723483801274,0.06016513551032432,0.023530640859668495,8.552826390939572e-05
2022-05-03 06:37:00,10.0,111.5,4.015304602362448,6.101835939138255,-1.9732064280979102,-0.6571235027595321,-0.483786920767443,-0.0484738471750461,-0.0030267419928833306,-0.04743621394779041,-0.017348509600310535,0.0,0.0,0.17479052455291821,-0.8764972666705688,0.1899590570641152,0.2306083617661443,0.05869953930431393,0.024577571330645753,1.34906065056839e-05
2022-05-03 07:02:00,4.0,-136.248046875,-24.512100838248443,9.035552812943934,-2.8528722345945425,-1.7798502349664886,-0.6423966401605412,-0.021603153639034645,-0.09746169049491016,-0.06718020339270936,-0.0218456710933026,0.0,0.0,0.22449342462550703,-1.4993740029849079,0.05893665595560549,0.271992702557327,0.056399019896446134,0.026330264556335692,2.2178396648087073e-05
2022-05-03 08:37:00,70.0,210.998046875,106.91179301225202,21.450183395310887,-17.49539291560359,-4.12486469106193,-1.8718432987268443,0.3374371872935171,-0.24750582988054504,-0.11135922822492716,-0.10246158065118749,0.0,0.0,1.1525509743587463,-0.8339253716008415,0.24204910069984464,0.9516376440746654,0.051643361898662477,0.027712750604749203,4.307098464551018e-06
2022-05-03 11:25:00,73.0,-304.2509765625,-153.3588010988169,-76.32866665731854,-69.58987651437928,7.3008057795495915,4.539499543801867,2.2703958654699363,0.5942992919322307,0.28090027303738196,-0.3099488968261852,0.0,0.06796981784373202,3.947808686798453,3.0109600921315547,1.135788923186439,1.1311177126277556,0.04537725749967336,0.02922065144464625,3.7995028918658136e-05
2022-05-03 12:00:00,-133.0,245.7509765625,72.66052026552643,-0.5961112843579031,-22.45275132887764,2.1621973347723724,1.3368446900822164,0.6631725062668465,-0.3713724561095191,-0.13607258069738748,-0.09120133873089387,0.0,0.225254852875878,1.1648357040949122,-1.0731820496137772,-0.1728852704027588,0.13763481059022808,0.03548160526457167,0.03046445464106995,-1.5251289497086873e-05
2022-05-03 13:50:00,75.0,-369.9990234375,-185.31842268630862,-94.60426095302682,-89.62847662126296,6.153088960237255,6.859641025710971,2.128252866971252,-0.5556717272532303,-0.6836062144326895,-0.3448172600434525,3.222597157182463,6.233328093861019,4.15828040913766,2.1455334652315514,1.032964746018493,0.23606607692320836,0.024447990155714194,0.032677682355831905,2.9729145211376817e-05
2022-05-03 15:25:00,-15.0,192.4990234375,11.841185075354588,-80.23999465148518,-96.95200842457416,5.625638665957695,4.07083291885715,1.514722428174764,-1.1158659949475727,-0.6462008727856059,-0.3502797890585221,29.464524234341297,15.843517684074868,3.6468827435719504,-1.1930277819271708,-0.5305005839535966,-0.01601814617066566,0.007766879175719055,0.03347594099697915,-0.00016535193483946387
2022-05-03 17:07:00,7.0,-298.998046875,-160.56075360156683,-163.2634270425624,-112.31000786778168,-3.771683426453592,-1.996209731074714,0.9714913180989697,-0.04022101737339767,-0.346390952874831,-0.39407752807252905,-1.0781852763302595,5.925686034511273,3.208188113369033,-0.34237718192886746,-1.8561507400431196,-0.2629354947683993,-0.006692763305906624,0.03510990914823253,-2.2622649169079523e-05
2022-05-03 17:23:00,-86.0,188.998046875,16.652617027561064,-45.46854438987066,-17.221465584007092,-0.027889384900390723,-0.36465795359526965,0.0848331869985941,-0.17512604304149448,-0.0383340355623929,-0.06090580932275813,3.89593915403384,-0.585847801797172,0.4007815073327947,-1.7914953954451391,-0.16648516896802334,-0.06865661139775625,-0.025287739782307028,0.03638121454377341,-9.899080453124043e-07
2022-05-03 19:41:00,122.0,-759.748046875,-558.744393408524,-384.3436702976396,-126.12159120640717,-3.716114422838018,-2.477162916992711,0.07882808065369318,-0.39292582433565215,-0.6124493031279883,-0.4838155253120746,-15.84661317984137,-6.732687226020971,2.2030294885353214,4.858741530357804,3.01421918101029,-0.9606610069015602,-0.04583283232846469,0.03771696785371148,2.4311196725079753e-05
2022-05-03 19:59:00,-120.0,210.748046875,8.616078744831611,-11.048001390357967,-12.028410999737389,-0.17588834432331169,-0.08950289224344488,-0.058913948345207245,-0.3229357350737949,-0.12632186288207237,-0.055388528125412506,-0.5081405011515017,-0.17016689946467523,0.13844744143261778,0.587324450355851,0.5930363004572996,-0.17366041200453708,-0.06969063733488667,0.03898317184596323,-5.305078350659187e-05
2022-05-03 20:22:00,5.0,-203.25,-23.893875728652347,0.45313766277831746,-13.462212920487218,0.31675125689707784,0.0010748369643351907,-0.09186161556067418,-0.2989004288484658,-0.14557480346780594,-0.06757474188439616,1.3751759942115314,-0.12373853417739156,0.1371997879468836,-0.725735288578889,0.5283275178902898,-0.2351440943695593,-0.09310059544329619,0.040451625584523754,9.342719408778066e-06
2022-05-03 21:28:00,43.0,440.998046875,177.78628322434815,50.652584100658714,-25.728625326424662,1.3630491973433436,0.4507616698097081,-0.34198991445805405,-0.020775298874063708,-0.23803178058623686,-0.1726393286184411,0.10226589412923204,-0.08794443877923186,0.19452845362866356,-0.6665108841422835,-0.5183199595746686,-0.7306810953340062,-0.11848722019644242,0.04174827727079844,1.1667897268807792e-05
2022-05-03 22:06:00,-28.0,-244.99609375,-5.2474527632730315,23.1939017821569,-5.592385732801631,0.08171596022748417,0.25642998720172727,-0.23080048166639244,0.0,-0.037758060210038025,-0.08451580437009198,0.0,0.016899067088161246,0.015729237323284906,-0.561644389948583,-1.775659906650361,-0.4284800605092016,-0.14432010971133025,0.04321718144436204,2.398775889389526e-05
2022-05-03 22:22:00,-22.0,121.4970703125,12.853967959264992,3.674747859891795,-0.2793482251436217,0.19813610359301492,0.05358640252188707,-0.10090360694948686,0.0,-0.005871945813339607,-0.032309967543575624,0.0,0.0064376641075796215,-0.007409448213365977,-0.5580434899347466,-1.0534391070991944,-0.1746648923256231,-0.17072130302693012,0.0443676797304704,-2.6069794927252588e-06
2022-05-03 23:10:00,32.0,-214.998046875,-100.58211366754404,0.793263467552606,6.565938523097429,0.36408437966201745,-0.1853170453855455,-0.3051841190670075,0.0,-0.005120167456773572,-0.08558597560223546,0.0,0.007686249846301507,-0.05389600984926801,-5.304083872843734,-4.008952044203326,-0.47737128049840294,-0.196093261202968,0.04572759360679868,1.6502326403156076e-05
2022-05-04 01:02:00,64.0,322.4990234375,188.93274419123918,93.74444793111616,57.4221408635276,-3.875605438043067,-2.865568890468012,-0.627229333941159,0.0,-0.0004042264190857736,-0.14032225307271773,0.0,0.0011689126058627153,-0.1872099825513942,-10.963947389990281,-7.7871500942341925,-0.5939579842792284,-0.22032894971642492,0.0473260355384042,4.6091463175912395e-05
2022-05-04 01:53:00,-61.0,-91.75,4.45050281935255,60.31312909632106,44.592529536887014,-1.87003808284544,-1.2280597586263866,-0.1970581207624491,0.0,0.0,-0.041842322157776835,0.0,0.0,-0.07565562866602704,1.167930097042877,0.26937433350369133,0.0735063252363517,-0.24471082255096377,0.04827084545856053,-5.324165451270346e-05
2022-05-04 03:36:00,52.0,204.9990234375,130.28601143425476,79.95572095456009,121.40675243260193,1.687877538474595,0.17568896370244147,-0.14667905347687338,0.0,-4.012968730648936e-07,-0.058192494887741475,0.0,0.0,-0.11858044917698862,7.364659134061505,6.5168958963306665,0.8508293278119368,-0.264768800042134,0.049883427622205545,1.1358076434930808e-05
2022-05-04 04:31:00,-48.0,-120.9990234375,-44.356426510326855,30.24712734294735,79.50502877317922,-0.2477366486846222,0.35456146927390364,0.06792757589596476,0.0,-3.5296875260826255e-05,-0.023183386305724696,0.0,0.0,-0.05190426407898485,6.551427754922798,4.103795742239413,0.7583439033331985,-0.2836012123619298,0.051165209882903184,-2.3671372559874726e-05
2022-05-04 09:39:00,253.0,1077.25,953.8397515050528,882.9553961155543,499.41068666689534,4.1502348888895995,4.435114451245909,1.3479963025151847,-0.09706780942738646,-0.1506014127190376,-0.16257097438543155,0.0,4.0677894503460266e-05,0.3346014035914777,3.761707389531338,4.770309390695161,3.99167180356649,-0.298843720890801,0.05242299344240564,-3.2349532631315014e-05
2022-05-04 09:52:00,-295.0,-195.4990234375,-16.038907336675038,15.223447227326687,18.44465236895485,0.7635211631932179,-0.0534794721606886,0.06444577393472173,-0.06889579672072799,-0.014438782711625464,-0.011911280815819936,0.0,0.00023727804000372998,0.1288637849911538,0.38551441857080704,0.011879071392456808,0.05556895759676195,-0.3105688933448221,0.053567917024508915,-4.5013700258778044e-05
2022-05-04 10:49:00,44.0,206.2470703125,62.10114429899113,41.97953996675642,75.74884518625913,-1.0027222646535847,-0.42876307994811214,0.29759256461125005,-0.06281630871575317,-0.061244687694529176,-0.0626777332724231,0.0,-0.0012857870060543064,0.8934464050344104,-1.8348212393155166,-0.1822309168068159,0.08663443437113472,-0.3176995831810103,0.0551167706596587,-9.938711755808072e-06
2022-05-04 11:18:00,-28.0,-154.248046875,-7.93074384254578,11.502286364877364,35.49403936859744,-1.1441340680016765,-0.3229193907402532,0.17035132282603627,-0.07414418843044501,-0.01614138217178862,-0.039837940771764835,0.0,-0.014411693667170766,0.7206749832466812,-1.0848812122174678,0.0772178368362546,-0.053830782288017076,-0.32192585541432095,0.05621645132742259,-8.081229530887413e-05
2022-05-04 12:10:00,23.0,236.5009765625,30.04342442282359,1.3333920343357022,59.44527748359542,0.15327756928445524,-0.601861863844988,0.3661658639791767,0.03184664971750806,0.011951928330805828,-0.08862269503759279,0.0,-0.2577136594481999,1.9049087660914665,5.2883262554216515,0.7925986198717396,-0.25451082492305943,-0.31989642886811964,0.05726224182988915,-3.689840595200167e-05
2022-05-04 12:40:00,-22.0,-249.2509765625,-57.697801194568456,-13.340666222320579,32.5259892574104,-0.5404920232138011,-0.3865193795984396,0.2621721108869224,0.10011468095361309,0.021139410117346102,-0.06301579995830764,0.0008964086600826704,-0.6213321669065408,1.5379006166922409,-2.0758445222530924,0.5885857986556857,-0.23178101377114046,-0.3129380798634003,0.058427394428143486,2.4818275250027e-05
2022-05-04 13:26:00,16.0,206.7470703125,38.188873476567096,-39.71118061697052,48.69577648802078,0.7921876634611635,-0.7297202911345266,0.5006991178147473,0.019923212204460583,0.02663336325392507,-0.11642333106199132,0.7849415265509379,-2.478833519458931,3.111591337948994,1.1888458829728563,0.568561526256488,-0.4588419472385965,-0.30205571217404525,0.059487181343186535,2.0530030710119718e-05
2022-05-04 14:01:00,-11.0,-371.4990234375,-155.36139203835046,-34.45276574188756,37.07270301300741,-3.5950370305261004,-0.47252581242219094,0.4784794969139057,-0.06608627068218809,0.005301787237971922,-0.10634123091793057,-5.731385168488487,-3.155639193517345,3.058041997875989,0.7400380725043334,-0.08997591210794553,-0.4171465658020992,-0.28612925980250736,0.06076879221198084,2.8879505492795943e-05
2022-05-04 14:46:00,10.0,150.251953125,-21.17077358417737,-16.353009145037504,48.97426872579672,0.6787867519947213,-0.021820451271878483,0.7602174810704128,0.06152526216160226,-0.030880143959592488,-0.16090905777543085,-8.838701766638223,-3.575524625914113,4.892233755900634,-2.1502626886735214,-1.3372471658050387,-0.5966440126168209,-0.26621832062334505,0.06179856151969432,-1.860785550888977e-05
2022-05-04 15:33:00,2.0,-140.0,29.09222273450723,42.24419742223836,53.86160054848733,2.4457095312250203,0.6645543824461129,0.9860422998835929,0.029398458222377855,-0.11221766968290225,-0.19753045504259958,-5.647127109840767,0.8890514581271418,6.304258781439785,-0.46517589528811243,-3.836967874324003,-0.6616933277346533,-0.24076695766009948,0.06303757904179719,7.851700303262987e-06
2022-05-04 16:28:00,8.0,599.5,286.7028580657643,80.38411201419513,67.31455111660034,-0.013543300647370415,1.1195000616464768,1.414550603522457,-0.5647856355230196,-0.2124815633797823,-0.2669528593189803,20.76197893230801,8.67093157229283,8.868062478917636,-13.579556019791731,-6.954411502905714,-0.7757747447805485,-0.2118384569943359,0.06418643219723918,-1.623108299497744e-05
2022-05-04 17:49:00,26.0,-502.49609375,-190.4237229718201,107.02047892943665,106.1262626923999,1.4522004060265772,4.010763397144501,2.573799950694365,0.05067266190787478,-0.5408801486407704,-0.4474306089538018,10.969804554911207,23.153670421072093,15.440257403395663,-5.090877547417463,-2.8283596423056636,-1.0516480206952394,-0.17747038202719523,0.06529112668737724,6.0097663123315215e-05
2022-05-04 18:02:00,-68.0,358.2314453125,8.082185373350512,38.25602686755883,17.440432738527306,1.51438829767676,1.1473538371858467,0.46206125749313287,-0.04248222121044165,-0.1691508787492495,-0.07567207968416767,0.7972591996240226,5.919571630448445,2.6635930623488093,5.545486610508426,0.8964427424118142,-0.15307826731904584,-0.14152851816066203,0.06597356604635252,1.2444648973541916e-06
2022-05-04 18:36:00,21.0,-505.4814453125,67.7108021037202,148.5058373132706,45.53796085618524,4.4030507460577155,3.452243114243174,1.2633207957762806,-0.4809550413166761,-0.5869817362290988,-0.19997664522794167,10.318472538950118,19.841436829199665,7.097166653564273,5.293455041112807,3.016868265402337,-0.3765663973822626,-0.10190527663636573,0.06731032531865822,1.0351783956252802e-05
2022-05-04 19:12:00,2.0,1307.4931640625,716.5281224709179,200.60906666693336,47.378212772622646,10.29062881059599,3.5154385684611498,1.4125827611626391,-1.869899548801932,-0.7419730081034324,-0.21167662195214731,61.855094112310326,25.39733122915186,7.594389726426925,3.759455734366867,2.787410481568074,-0.3599199089706815,-0.060022090543448314,0.06843830902552384,1.688549598100053e-05
2022-05-04 19:46:00,-2.0,-278.2470703125,97.86752408825123,165.22767447644583,43.08131758658419,-0.3258158351184193,2.2269247073131737,1.390121511168445,-0.883145671989702,-0.6134566632976579,-0.19592622703896367,32.630756858035056,22.17943206250493,7.096161919971564,2.1406885489311946,1.410351889159216,-0.302988492820063,-0.017163503894622067,0.06919447166160353,-2.709742865647513e-05
2022-05-04 20:02:00,-18.0,184.251953125,2.780905257430277,55.741845949727576,19.480236670890008,0.05333557766152808,0.5755925583612225,0.6686225973810451,-0.054490515684307184,-0.2152516909037736,-0.08980994452478797,5.273123479983042,8.28479833104302,3.2727576270999634,-1.4652232736118123,0.31238451257418376,-0.1301853813976095,0.027868425538656538,0.07024764066687794,2.1612739288912053e-05
2022-05-04 20:23:00,5.0,-113.501953125,1.8810594613169087,49.0299490087782,24.625478098954773,-0.36085394285214534,0.3666629065392044,0.8879683902989655,0.09740755964980252,-0.20210510783238433,-0.11477477842881711,1.1934885219325224,8.268071215161399,4.200035243632556,-4.493033441228647,0.23800297802054615,-0.1587113975513006,0.07311663854613215,0.07125218753208173,6.605157193462219e-05
2022-05-04 20:39:00,-5.0,121.75,6.254656934579543,20.75104818404361,17.956339702715923,-0.7427688705060973,0.07266818861899083,0.6823629672842344,0.037492131258908046,-0.0992891469357815,-0.0846821855683828,0.042339656559306604,4.40375578829844,3.1112113605604463,-1.647484174625788,0.13682841464101614,-0.11152468756502287,0.1163237363947971,0.0719531854154809,-6.5454255917529736e-06
2022-05-04 23:19:00,144.0,-274.25,-186.10645357044996,-91.40335610970942,131.3764132031065,3.401325127084874,4.959381197386847,6.707688935517581,0.006388468720444962,-0.1280443785399008,-0.667594015800109,0.0015338410676122294,7.507053945073494,24.89726612646882,-1.670678920004832,-5.741272002308321,-0.5836986379491975,0.16010780677969194,0.07310436015532673,4.419046200609955e-05
2022-05-05 00:05:00,-114.0,111.0,22.33530424327182,-21.281088714909856,20.366995666270668,6.701941649910623,4.077108639266498,1.7385954227254388,0.0,0.00014428304121594238,-0.12444956580853272,0.0,0.0018337935343879508,4.72479353205199,-5.13718713942135,-3.3804466837971603,0.06383913004489727,0.20019424321797175,0.07395060360282457,-3.523652168269109e-05
2022-05-05 00:20:00,-31.0,-148.7490234375,-9.759144484909484,-3.65066278949962,5.0504911083116895,0.8794571135533715,1.333043397304209,0.5345028731724142,0.0,3.404036171161806e-06,-0.03432620934951913,0.0,0.0,1.3090344428119352,-0.0375179809069337,-0.7505268683380564,0.0484946911551134,0.24055796441288635,0.07480712580895954,6.764048919194465e-05
2022-05-05 01:33:00,58.0,103.9990234375,-15.653013914787152,3.3821677124942653,14.377933642623248,6.47300540632682,5.1584707305510165,2.322015247035779,0.0,0.0,-0.12773465373300752,0.0,0.0,4.894180134780072,0.5031241232975816,-0.5972253433479011,0.43703053908902234,0.27556125419108213,0.0752566553198335,7.168474652985424e-06
2022-05-05 02:01:00,-45.0,-74.75,5.2176659235337866,11.191021559556248,1.38075952885265,-0.07766085626417407,1.1462960318604019,0.7515085954507867,0.0,0.0,-0.03367921709027044,0.0,0.0,1.2957203523055796,-0.12677529404705723,1.0164229190984813,0.25273135922839174,0.30887901986048405,0.0765632046548319,8.352246072718117e-05
2022-05-05 03:00:00,31.0,167.25,88.67491794701345,29.107215690433804,-3.9207603112445213,0.1615738830726059,1.1206082809462714,1.3039243443249688,0.0,0.0,-0.0479901023795648,0.0,0.0,1.8448993474057716,5.828695605487205,3.9228498402309597,0.6587709460650615,0.33572058884028877,0.07670740883138194,-2.4963389734011798e-05
2022-05-05 04:15:00,16.0,-90.0,-29.57544011142454,8.89569599578681,-18.06709663951915,-0.26755227596390796,0.08908247655904233,1.097777105252817,0.0,0.0,-0.022924808216227888,0.0,0.0,0.8653332495741779,6.950902808549259,6.22659967982176,0.9814912047712454,0.3600848752293828,0.0781389817195901,1.961371638969922e-05
2022-05-05 05:16:00,-14.0,127.25,23.74245103440626,-30.272200241262908,-26.606240709406848,0.2703032305296347,-0.5813216092451512,0.45568995891835584,0.0,0.0,0.010252746075277486,0.0,0.0,-0.4085452296812946,3.8947658518146824,3.780349139280233,0.7874485009294574,0.37851308698090946,0.07868543852312371,-3.3311489005427575e-05
2022-05-05 05:55:00,-22.0,-231.75,-107.83582589805155,-35.61739202017634,-23.804434713252704,-0.7552508247586047,-0.9164011235825456,0.10834534478135538,0.0,0.0,0.021523709963677362,0.0,0.0,-0.8148283187056222,2.818029396042931,0.9682536056380684,0.44265642934006166,0.39353870131608204,0.07925621708074004,9.339994875290358e-06
2022-05-05 06:20:00,-14.0,107.25,0.011399159862776287,-24.144323590233398,-18.595786348676484,-0.7010542564371463,-0.9034600025192958,0.002212748940110032,0.0,0.0,0.02098661076327346,0.0,0.0,-0.7774346460792003,-1.1429376890528715,-0.09501038633452197,0.24463213722661692,0.40243841382955736,0.07988850538262682,-2.443364205362286e-05
2022-05-05 07:17:00,32.0,-165.0,-73.25805129575747,-42.649475057311065,-54.20627260043693,-4.642408510590485,-2.6323011745002987,-0.17184240550045615,0.0,0.0,0.07341190755680316,0.0,0.0,-2.639082403975408,-4.337741373063693,-1.4456816191668622,0.41403786697497935,0.4072155058181366,0.08057942877080393,-8.166848601831589e-07
2022-05-05 08:15:00,1.0,91.25,26.9618082435627,-30.443542422864994,-76.04966797668021,-2.917550215736128,-1.8506044368250514,-0.40550580338663167,0.0,0.0,0.12070824677059022,0.0,0.0,-4.163048246445214,-0.08677999439450446,-1.3677128001657906,0.18744778434944465,0.4072348930309033,0.08098885370240794,2.1329627699628873e-05
2022-05-05 09:31:00,18.0,-183.0,-98.58246912639152,-36.548273220403644,-140.80861137579632,3.1694519965788004,0.9767209484234627,-0.8738640164333447,0.0,0.0,0.2506207198774888,0.0,-0.00021275431754474994,-8.21833162895473,-2.6042838193069002,-1.2010247262040963,-0.1211849670459344,0.4030813479524227,0.08168461537883331,6.739603010430528e-05
2022-05-05 10:42:00,-5.0,172.5,53.02690721274121,-3.7146859856002266,-182.8808906269769,1.5426099586943565,2.1024953489788913,-1.1966574320426844,0.0,6.168791288985176e-05,0.3505778693009134,0.0,-0.16172389185157954,-10.892274440332585,0.5099674987869207,-0.6370290564209,-0.4485548206833414,0.3930863620872245,0.08192446867916203,-8.370876429353302e-06
2022-05-05 11:52:00,-1.0,-144.5,-39.39861043106066,-25.90968814286316,-233.75851833527122,1.283632118688729,2.287265441108275,-1.5757273889507815,0.0,0.013478106132968293,0.4663093758077643,0.0,-3.531320358469202,-13.770086998075385,-1.5189581896805748,-0.6881671090595489,-0.6789101699803552,0.3803053769033724,0.08247424047168295,-3.745482572981018e-06
2022-05-05 12:45:00,-17.0,78.5,11.657106265673065,-123.61804244615632,-210.87801077890617,7.3002122490390775,0.6306962697813105,-1.453247400370401,0.0,0.13281932324289514,0.42800965966703686,-0.07252443598554237,-14.73341560287372,-12.1093378249534,-0.7227396329492422,-0.17100678806187375,-0.6093982061656362,0.36385675961550135,0.08302583579262546,-9.758770900702984e-06
2022-05-05 15:55:00,137.0,-2838.9990234375,-2552.9360329457486,-2036.0888142909535,-897.0142792765109,-28.345963372780716,-20.64902041450182,-6.331156352037397,5.856280479142232,4.848763754737252,1.8112359882539302,-151.90083172418326,-121.75518981723417,-47.265730359226836,-2.1364910858363686,-6.359051835567925,-2.1056119511778064,0.34454958207879827,0.08349260190136931,-1.5364853439336912e-05
2022-05-05 16:22:00,-163.0,495.75,48.107741191044624,-190.9273498495677,-128.66812041283993,-1.864293559785665,-1.7334394562583384,-0.9083162340766648,0.15079397223640711,0.3709446222477091,0.2518535033237761,-2.2509089899303945,-5.242752480293348,-6.1438256953397286,-4.577454486557798,-2.4485819048668276,-0.21549648115308173,0.32409192610538184,0.08377366391555086,4.550626239563371e-05
2022-05-05 16:42:00,-7.0,-340.25,0.5512867918805568,-99.08923900542868,-92.94311648170697,0.20976127857375104,-0.8304047579042617,-0.65390670122747,-0.1634701532701257,0.14146025704173937,0.1797308136628999,1.899040854848863,-2.218391176314981,-4.324226728534995,-3.8590844125998913,-1.5982273166315935,-0.13892159046861252,0.30106362441103585,0.08378827663626964,2.9731685245337758e-05
2022-05-05 17:09:00,7.0,260.0,9.13460239678534,-103.26571536644042,-121.3244080934819,1.2176215543158833,-0.6306594751563352,-0.8503476811631572,-0.6126635238980498,0.10179470023043535,0.23136571114487836,9.751137014571214,-2.1070543738487686,-5.491738716719738,-4.593983934051018,-1.413353894788365,-0.15811530976958466,0.2772175772848655,0.08429118065151897,2.49837346473214e-05
2022-05-05 20:26:00,170.0,-911.9990234375,-760.2230404109796,-570.6244066577419,-671.1547597770332,1.6172862077908121,1.4931628982924394,-4.678398870060391,0.6290655938140404,0.5323933893933699,1.1700038198637905,-10.695511602557417,-9.166828216360045,-26.284918209028547,20.520460040628237,14.073369999613796,-0.12369096291173776,0.25268847469570943,0.08448665530461597,-1.5830782388093212e-05
2022-05-05 21:43:00,-120.0,373.001953125,237.41011063534825,35.8303454530178,-149.07688885011885,-1.2276690422038428,-0.5441093256351905,-1.0999711353238126,-0.07750657783351755,-0.30267844230331775,0.21316776499271484,0.379462164512006,5.2354626840606215,-4.329107869433756,-9.661459338127784,-7.006820765421864,0.3959564175368655,0.22951776107967703,0.08476215725673342,4.010520683550567e-06
2022-05-05 23:00:00,0.0,-355.25,-147.03619499522028,22.57137819368654,-97.11342721269466,0.3822239734129198,-0.8173020526282926,-0.7771795566736728,0.0,-0.05460167927947879,0.12256534541832664,0.0,0.7690663764396959,-2.173833838950486,-8.11264318595154,-4.5619904794383,0.6124817795344342,0.20748022622159823,0.08494322291599588,1.6054536018828003e-05
2022-05-06 00:07:00,-10.0,395.2470703125,171.704555700715,-2.8009405840348336,-53.675708234281046,-2.6646625573248457,-1.8935917154963136,-0.4461958068422973,0.0,-0.0019324116473740105,0.06668942929188404,0.0,0.022222892338504607,-0.8076421768791988,10.256527451615213,3.113954419252586,0.6855652647386705,0.18749589989296567,0.08514400147619483,3.0116657924850188e-05
2022-05-06 01:52:00,38.0,-414.0009765625,-232.1220771312437,-49.54624172444892,-50.25907788780023,-5.7908200435322215,-2.6475761153894837,-0.2776445862318724,0.0,-3.5175181274382794e-06,0.0930131517106183,0.0,0.0,-0.3169860089856229,4.535139312398471,6.86450033629356,1.2546742803327788,0.16955672854270176,0.08533334683210114,-3.40793089037561e-06
2022-05-06 02:29:00,-68.0,323.0009765625,174.62731550721946,13.428498328052228,-12.848974118525803,2.6825913551044778,0.7369983386290642,0.029544125957727374,0.0,0.0,0.0411846128851181,0.0,0.0,-0.014978167557273991,-0.3778961603055677,1.2951233320539188,0.4556322963693731,0.15437635825797713,0.08508266878044424,-7.354075708576602e-05
2022-05-06 03:44:00,38.0,-173.0009765625,-62.385062201436085,13.291931735198887,-24.72274045254744,4.36019461669116,2.511434153724167,0.2685765009237002,0.0,0.000253963107955002,0.10888984707804639,0.0,0.0,-0.06349489444073697,4.179561769516852,1.7099370593198984,0.8729458994373687,0.14466726672694108,0.08537085570183933,-7.684550794806455e-06
2022-05-06 04:00:00,-59.0,96.0,-5.892986122715229,-0.5325103564246092,-5.545755917606584,0.3752461218073222,0.33935318954172544,0.09286026523204782,0.0,0.0005088982668794984,0.02816440691034572,0.0,0.0,-0.032387136425313656,1.7332941372519315,0.03228896089588318,0.1711487274755683,0.13743467964994238,0.08533571340946366,-5.61462566111004e-05
2022-05-06 04:20:00,4.0,-145.748046875,-33.57014313140826,0.7624598379479721,-7.24202989814512,0.17156988447072763,0.2705132792971199,0.13297699090890092,0.0,0.001688774803195514,0.037693025871856634,0.0,0.0,-0.054820729568746174,0.3023345907869128,-0.15877680168335928,0.20443363093575329,0.1364720187199282,0.08530108540189474,8.890951974649397e-06
2022-05-06 06:07:00,87.0,218.7509765625,111.32760479558783,13.359233227412915,-47.20485470993299,-1.339273885402008,-0.20327873790711237,1.0008641648878438,0.0,0.18495224810508404,0.242832059135619,0.0,0.0,-0.6725478821235811,-3.8991429616236104,-1.0812999891877126,0.89407129414667,0.1389246991592472,0.08478012301522142,-2.878954715868076e-05
2022-05-06 07:47:00,-7.0,-640.0029296875,-263.21015764466574,-100.15063121303683,-59.05467236462573,-0.3708599158680954,0.9392778875926524,1.2709472679898681,1.5897662563993045,0.8411283806620204,0.25928974313860564,0.0,0.0,-1.4685550714830242,4.688590410232649,1.0524089274902053,0.5576998482842583,0.14764578839562148,0.08502538436989937,3.197857982684127e-05
2022-05-06 08:08:00,-79.0,578.751953125,62.250509772013174,-18.228316045708198,-13.948293831846968,0.49383689545834386,0.753397027640176,0.2920021172014913,-0.17060743988742644,0.16294207031408803,0.05302451632232419,0.0,0.0,-0.4415645085091455,-0.357676455166029,-0.4285536073758749,0.09198740489402724,0.1593784819673374,0.08451927142947113,-5.53519727333196e-05
2022-05-06 09:18:00,49.0,-291.751953125,-10.924744508061849,-40.47247132017219,-48.56059987201297,6.3465402395734145,3.1763050306469722,0.9985510114859153,0.2502130907017204,0.31464033278123793,0.1594013221103623,0.0,0.0,-1.8458802739096427,-10.322176170192563,-3.089413845699326,0.2647784814878946,0.17876073889352995,0.08436109633873912,4.49111574454264e-05
2022-05-06 10:01:00,-27.0,232.0,72.7096845173728,-60.67240888841479,-30.06727138705901,0.875401373978093,1.4454543379470124,0.6127662251367383,-0.12115908424718924,0.09580163939900643,0.07720905080426377,0.0,-0.01097393090276455,-1.4201316834451063,-1.2394540548934998,-0.41444215951828767,0.13783346142341202,0.20108508443630058,0.08403877662441062,1.6417005397784123e-05
2022-05-06 11:29:00,45.0,-740.49609375,-523.2273020932698,-229.7811490105887,-57.13043778233987,0.43550992360542296,0.8640078290382007,1.1862622131059197,0.4198012329890517,0.11264090027258788,0.08560151956258721,0.0,-1.133085810585726,-3.501199076192279,13.00436567100735,4.5066770748452285,0.2317385121787794,0.2280225694568827,0.08375398338515083,-7.639539433057507e-06
2022-05-06 12:37:00,-20.0,629.24609375,181.06135891218582,-82.4914800417173,-36.35117036533484,0.7374671212912745,-0.8931590396703086,0.8022608849194057,-0.7512915510287712,0.11367132822044823,-0.015001903678815154,-0.006089684900871362,-8.379243202908583,-3.077007604289065,-5.13578194538043,1.8757312409419171,0.1303819765982155,0.26005834915719106,0.08333365220181577,3.32897555352929e-05
2022-05-06 13:37:00,-8.0,-939.2412109375,-263.55357998800173,-0.7895089741577976,-24.75731416688359,-5.03755336965105,0.012747608715699243,0.5923562391162704,1.4585193881675593,0.2096076479928186,-0.07661176497385469,-37.49314181846148,-14.724658835218179,-2.7846731863419336,5.5353833025357915,0.9510162480554669,0.07909782973176505,0.2947709952695021,0.08289206016426931,1.1433093163759622e-05
2022-05-06 15:26:00,49.0,1005.9921875,456.77380743932736,169.79809724816732,-28.011368185296305,9.745854316903205,4.4466847678961585,0.7470247256544553,-1.9793896820228483,-0.8259128812881045,-0.2784319505506829,25.281039390805745,-0.4559181957192777,-4.632923773605398,-8.910321227912931,-4.9026152390550095,0.07101299743425216,0.3327970181036761,0.08271360733631639,1.3291126563785838e-05
2022-05-06 16:15:00,-60.0,-421.99609375,-117.36104434716253,31.11507971881656,-7.052074309242016,-0.3720550524947157,0.6434640090892572,0.1925746507790791,0.22224020108217246,-0.47275255696382246,-0.1710736099585226,-13.306293778558029,3.2317388707006103,-1.7019656398533698,-2.7084759327141796,-2.933259116977297,0.005781303655339798,0.37248945055226557,0.08201275987499912,-3.5230223886628664e-05
2022-05-06 16:59:00,-5.0,281.49609375,68.73381684693595,-19.387577765948663,-4.46843224393524,-0.4238861152168738,-0.8215272589736742,0.10265136381735829,-0.8009607701946813,-0.27935394460273244,-0.16918327978657288,14.915178717246818,-1.480793691940562,-1.2572309872002734,-1.3618959525378074,-0.5845707990683877,-0.012745341349273076,0.4153265617840276,0.08164310536480457,3.312157316770481e-05
2022-05-06 18:06:00,23.0,-376.7509765625,-215.43259631440742,-65.74046989616909,-4.928599887382006,-4.5504282097863324,-2.1292368289905426,0.04799058913863519,0.3099355223756959,-0.20181874507986564,-0.2716006522169785,-28.128605998246712,-9.857774968102603,-1.3784254820247952,6.746693479788348,3.3271045543104236,-0.07360157716698268,0.4565846367493549,0.08083327620499858,-5.193902046585208e-05
2022-05-06 18:50:00,-23.0,212.0,38.539418144049705,-25.238539842270256,-2.8095344963876414,-0.2113719499891431,-0.887208124658855,-0.023308041821110237,0.10296264435076807,-0.19817009108575334,-0.1785554304638559,-9.767012279396113,-4.249837934447896,-0.5547991646017181,3.7971745665097814,3.143454528121225,-0.10364591953172919,0.4991020696739241,0.08099647221845885,-1.9057282713674795e-05
2022-05-06 19:26:00,-8.0,-204.9990234375,11.401469960634131,-3.1307054099379457,-2.3849852538915,-0.3840617343953454,-0.3348448835072304,-0.04106734963852432,-0.6584638254724666,-0.2949474133155654,-0.14160046865183418,3.7578872639132896,1.5694204440869726,-0.26224944739806233,0.6718915172384357,1.8512683204926077,-0.12925428146789386,0.538262877386984,0.07968196698034546,-0.0001504775303402539
2022-05-06 19:51:00,-11.0,278.0,44.82486934286135,2.596517839207081,-1.7996434811648214,0.3168517147005332,-0.08421864353499586,-0.036189592871778586,-0.7249969972368966,-0.2336432608615837,-0.09445432518263175,18.589422005920824,3.0323827759848427,-0.090365028287124,1.8529325738870455,0.7232717628340026,-0.1167395305595278,0.5797712388646374,0.07903686985656577,4.393362158339187e-05
2022-05-06 20:21:00,5.0,-266.9990234375,-89.91364278552646,4.310964161188167,-2.3846021891658893,-0.7461530858095102,0.019841375905571113,-0.0483162421724046,-0.14315056419053107,-0.24448201587864915,-0.10796539013291451,3.5960161474831693,4.0013067239679,-0.020615744579117745,-0.6706507621793492,0.29819973778904796,-0.17084362430225042,0.6148231020947748,0.07811259290710382,1.4531560623254336e-05
2022-05-06 20:57:00,6.0,235.498046875,94.41331332959817,4.092219523132371,-3.260690293907828,0.8815703404586657,0.14546330350299286,-0.060624531668281634,-0.02184751357133763,-0.18846982683035662,-0.12045089873083015,-0.0732842946808887,3.4999331660765165,0.0830513258015344,-0.009695790693740491,-0.2759963086739958,-0.24865650388049687,0.6462339028198301,0.07739757353552079,1.3232500421622717e-05
2022-05-06 22:15:00,42.0,-209.748046875,-76.01852743610652,8.299251822674705,-8.854699773371976,0.3569789788609796,0.3464625937351684,-0.12146534587122915,-0.0015704123026161199,-0.11263841328925395,-0.22166267390814554,-3.366450073372107e-06,2.2208282785923075,0.4652766968465585,-2.0945350002815957,-1.9768240843474274,-0.67127948340827,0.6722569547170849,0.07658661236673936,-1.824162251296002e-05
2022-05-06 23:22:00,-11.0,208.4990234375,113.83625455369474,17.79655790855759,-9.656270800573111,0.0,0.07937616429921945,-0.07767150325616967,0.0,-0.0055380206086894646,-0.14494112363024314,0.0,0.10077753614586982,0.5550116984395572,-3.856526788814435,-3.7785051953619444,-0.631791640228542,0.6932136633662509,0.07581812033708957,-1.7114552264274607e-06
2022-05-07 00:35:00,6.0,-144.0,-67.19870629110665,-8.16312070011918,-12.255380059563322,0.0,0.00647463480981969,-0.05166543753330188,0.0,-0.00010827108150124332,-0.11296272321097689,0.0,0.001011078948067734,0.6063276487402618,-6.487435698790719,-5.64687404813381,-0.5870581955542633,0.707623597034015,0.07485898037320737,4.4530452925073405e-06
2022-05-07 01:09:00,-39.0,77.4990234375,1.516643859729811,-13.26756188635045,-6.019022755011974,0.0,6.592296654162055e-05,-0.01398539595084003,0.0,-2.471279145765948e-07,-0.03862767757728136,0.0,0.0,0.2520838730251853,-4.377901657120887,-2.000902072565225,-0.19127748903902386,0.7152569072633383,0.07386653916182695,2.4716814891689864e-05
2022-05-07 01:47:00,4.0,-104.9970703125,-26.979093886599003,-17.785930307065428,-6.665739456861047,0.0,0.0,-0.00974343423240498,0.0,0.0,-0.03429871285450403,0.0,0.0,0.24818807456995273,-0.5623975596829283,-1.2128675349358673,-0.1303719941897583,0.7155521955405106,0.07282587312838018,5.0895455757427044e-05
2022-05-07 02:01:00,-24.0,86.7490234375,6.79207723030413,-7.79170288440946,-2.382822098014003,0.0,0.0,-0.002325975764051691,0.0,0.0,-0.010546547653728311,0.0,0.0,0.08173908613571257,-0.03126129551939982,-0.14664023740731125,-0.023793908754697668,0.7066295178657214,0.07169809134347815,-1.7171070481936113e-05
2022-05-07 05:01:00,166.0,-267.0,-176.86077616045077,-129.9772683155752,-19.433580572607752,0.0,0.0,-0.0008859008125909895,0.0,0.0,-0.06827409411013718,0.0,0.0,0.6196030693408829,13.991030928468952,9.793924588139163,0.7387224591241619,0.690381805806382,0.07095137475673141,-2.3268649783858564e-05
2022-05-07 06:03:00,-118.0,152.248046875,61.41360602291388,6.715424093687034,0.6396662541665137,0.0,0.0,0.002982427528422704,0.0,0.0,-0.006965873189141547,0.0,0.0,0.07904828470691427,0.09137147347503571,3.3234095208476333,0.4927452008546993,0.6661200383119024,0.06969493414949568,-2.3016836991018863e-05
2022-05-07 07:11:00,6.0,-114.99609375,-28.92008755221468,32.674741706767236,5.062078107657726,0.0,0.0,0.002267001296786475,0.0,0.0,-0.0037077183023406235,0.0,0.0,0.045234856447677885,3.8314882374015014,0.8147423673702718,0.48349668363519527,0.6347303674927502,0.06852822220709243,4.098175566014106e-05
2022-05-07 08:48:00,29.0,253.748046875,157.37775765724655,91.00389384967275,11.836934296290565,0.0,0.0,0.0016731575342419092,0.0,0.0,-0.0019587550513584517,0.0,0.0,0.025700420333123475,-6.44541216801035,-2.6132589313378247,0.39586863847651443,0.59499708080358,0.06724445469815521,5.989904727243811e-05
2022-05-07 10:01:00,-24.0,-83.5,4.865008367713017,49.71454534740769,8.422456828528084,0.0,0.0,0.0006419114674827142,0.0,0.0,-0.0004365905275847126,0.0,0.0,0.0063228551125575905,-0.16682072640649892,-2.192867065787638,0.011677649002876933,0.5471199136947575,0.06590670641672602,2.136076763292749e-05
2022-05-07 11:19:00,5.0,165.5,85.7112648099137,23.787848612235393,4.1971671292048995,0.0,0.0,0.00030032002132429625,0.0,0.0,-0.00016217266496809657,0.0,0.0,0.002981228339194786,-4.696412455999436,-1.0920767890508927,-0.2340058058894101,0.49284135701051923,0.06475995629197939,1.7872705953436707e-05
2022-05-07 14:12:00,95.0,-239.248046875,-167.56539740267908,-89.79385210560577,-25.74544962791697,0.0,0.0,0.00011810185060312506,0.0,0.0,-1.316944251783525e-05,0.0,0.0,0.0003018495981450542,4.88378956074979,2.134301221864618,-1.1125260460089095,0.43208716612573994,0.06349038836565057,-2.5803919498912364e-06
2022-05-07 15:25:00,-100.0,175.994140625,73.37842261404876,4.136744726136385,-31.362302204230218,0.0,0.0,0.0,0.0,0.0,0.0,0.0,0.0,0.0,-0.7526067691412948,-1.836249060476348,-0.5934665627582945,0.3667994718807819,0.06225824585017392,3.6183610504281205e-05
2022-05-07 17:58:00,80.0,-187.4951171875,-85.67546372946526,-35.56970359332627,-118.99312392628781,0.0,0.0,0.0,0.0,0.0,0.0,0.0,0.0,0.0,-4.727390028321736,-3.94254442878848,-1.2632419252761338,0.29650526993755477,0.0610439626870658,3.211421818605231e-05
2022-05-07 18:22:00,-129.0,112.25,37.542842678951274,-6.557371858492843,-26.101061151872273,0.0,0.0,0.0,0.0,0.0,0.0,0.0,0.0,0.0,-0.6575313010272765,0.048579239874086966,-0.18611728895318436,0.22152578247298038,0.059436038175476824,-6.27435719877667e-05
2022-05-07 22:54:00,248.0,-1110.4921875,-771.7977190593228,-581.7111784103763,-427.6361979592257,0.0,0.0,0.0,0.0,0.0,0.0,0.0,0.0,0.0,6.092702861052331,0.7331916213991576,-1.1041378197963354,0.14620259631682586,0.05799483093360891,-2.7822186439152574e-06
2022-05-07 23:31:00,-235.0,809.4912109375,329.66504043769237,1.7305472117077443,-70.0981265794253,0.0,0.0,0.0,0.0,0.0,0.0,0.0,0.0,0.0,-7.699809284135625,-3.474252685095095,0.12003626322557182,0.07046888405442076,0.056664780670260484,0.00012431413719582451
2022-05-08 03:40:00,212.0,-1381.2490234375,-1055.3284442720906,-792.5937024927771,-417.7674006111192,0.0,0.0,0.0,0.0,0.0,0.0,0.0,0.0,0.0,7.244666953486785,8.435902879377792,2.9930879480653374,-0.009378202487226872,0.054655175960974134,-2.4469097041901477e-05
2022-05-08 04:31:00,-198.0,360.7470703125,142.96928025846864,-31.29533026737772,-58.17228089393757,0.0,0.0,0.0,0.0,0.0,0.0,0.0,0.0,0.0,1.9574530561355346,2.1392471274552918,0.8137541021789616,-0.0841139711522203,0.053659582097964176,0.00013108468874634127
2022-05-08 05:28:00,6.0,-314.5,-174.87364640455053,13.260611936086207,-51.04069924898795,0.0,0.0,0.0,0.0,0.0,0.0,0.0,0.0,0.0,5.87997182915575,2.1078681842943894,0.8008917596951903,-0.16132373960508062,0.05164176145154897,-2.2606815534231828e-05
2022-05-08 06:53:00,28.0,536.4990234375,349.48123752059473,119.37115947889833,-51.77980436162761,0.0,0.0,3.8259458960965276e-06,0.0,0.0,0.0,0.0,0.0,0.0,-4.524906272793729,0.38900536294018195,0.7958570014172608,-0.23270521428247548,0.050569849445651016,4.015927532918795e-05
2022-05-08 08:30:00,12.0,-370.248046875,-137.28152564301126,12.570014842836827,-34.92124498498015,0.0,0.0,-0.00036001738408231176,0.0,0.0,0.0,0.0,0.0,0.0,3.0439080367359423,-0.6414059594541754,0.1416739666626654,-0.3016232147219,0.04862758399507072,4.174981242499598e-06
2022-05-08 08:51:00,-76.0,186.2509765625,17.351835887566267,-9.221308890846558,-5.844822980550816,0.0,0.0,-0.00018191950766777154,0.0,0.0,0.0,0.0,0.0,0.0,-1.2356507781762502,-0.4042626981707258,-0.07937854713405557,-0.3644356392320134,0.04712602819945744,7.209128663987485e-05
2022-05-08 10:06:00,54.0,-161.75,-24.62636445359385,18.45965307516599,-20.340618574860855,0.0,0.0,-0.0014656403836852405,0.0,0.0,0.0,0.0,0.0,0.0,-3.9978211933551933,-1.9995328170374478,-0.5557868972711333,-0.4234106390494219,0.04531080855939251,2.7614208178761146e-05
2022-05-08 11:29:00,8.0,309.25,171.60417942784989,60.80425707919494,-27.07038196251233,0.0,0.0,-0.005050583869888214,0.0,0.0,0.0,0.0,0.0,0.0,-0.4703747700730929,-1.929246394602643,-0.96550610132347,-0.4760492438098254,0.04382547714952523,7.100309801444382e-06
2022-05-08 14:00:00,68.0,-486.248046875,-277.71615716427186,-180.6348942786426,-70.9875057171812,0.0,0.0,-0.04062825264009007,0.0,0.0,0.0,0.0,0.0,0.0,-2.922019629213537,-4.0988082730521285,-1.9295152113653273,-0.5215731029319102,0.0421516856058588,2.001092929049264e-05
2022-05-08 15:36:00,-55.0,219.7470703125,-9.386704178170476,-112.50567354039958,-55.05046450394002,0.0,0.0,-0.08512039414699757,0.0,0.0,2.9172033915614293e-05,0.0,0.0,0.0,-11.741555020343043,-5.827191561539635,-0.9439365144013863,-0.5606194457409117,0.04034405499710658,-5.722276284814143e-06
2022-05-08 16:24:00,-48.0,-240.001953125,-78.11342886114289,-91.58244595193537,-28.328971636925417,0.0,0.0,-0.07790807667015542,0.0,0.0,0.00012457628384154873,0.0,0.0,0.0,-0.9218693946299297,1.1436340247284846,-0.3695351690054878,-0.5920451217717471,0.038635473772103524,-6.118227148022015e-06
2022-05-08 16:45:00,-27.0,193.2509765625,-27.06113147137512,-47.808488624687016,-12.433958628178516,0.0,0.0,-0.0445606217972454,0.0,0.0,0.00010049823209001829,0.0,0.0,0.0,2.816542598707514,1.8623139431149554,-0.14696885292481454,-0.6149623031325007,0.03681692608985543,6.033888092815687e-05
2022-05-08 17:08:00,2.0,-749.7431640625,-259.71165980310616,-43.93413266420248,-13.648626958427485,0.0,0.0,-0.05755415339672254,0.0,0.0,0.00015195707393900193,0.0,0.0,0.0,10.121313010474914,2.4475577598729643,-0.15509198115778133,-0.6324798621272407,0.03505877900747123,-2.1710107589001382e-05
2022-05-08 19:32:00,121.0,912.4931640625,488.88572851285426,217.14696586442005,-90.18460043060622,0.0,0.0018706109367485624,-0.6425235923247783,0.0,0.0,0.0037140505481971786,0.0,0.0,0.0,-2.870608974703842,1.7937393171522018,-1.0393090499440518,-0.6422854386143939,0.03324091609863444,-8.395653144077642e-05
2022-05-08 20:59:00,-57.0,-455.2490234375,-297.82817254443216,-60.09051324603206,-65.7016276031718,0.0,-0.0510767021371521,-0.7059394684797553,0.0,0.0,0.008798205641792123,0.0,0.0,0.0,5.191188425377987,0.3847742577901698,-0.807546013706002,-0.6427127126249843,0.03130841399547535,4.176934353949946e-06
2022-05-08 22:00:00,-26.0,221.5,-0.7986749651827267,-108.51754866594274,-54.75367371860193,0.3663290726012747,-0.47743299863395805,-0.6702848529762377,0.0,0.0,0.013647362791150641,0.0,0.0,0.0,-0.6681186828927537,-0.20238658409385835,-0.5948223455296215,-0.6370814387814505,0.029449963897278053,2.9194225859896505e-05
2022-05-08 22:33:00,-28.0,-349.9990234375,-126.21706384928984,-53.25549221210531,-32.98102608368208,-0.8445833571543062,-0.5836656651661087,-0.4262517913487045,0.0,0.0,0.011716623072100418,0.0,0.0,0.0,-1.4865290902883288,-1.8313184056537608,-0.2931964048147506,-0.625087135398914,0.02784888190927859,2.174123733311717e-05
2022-05-08 22:57:00,-9.0,190.248046875,41.31985498673748,-35.82561063043977,-25.45801989301981,-1.7521765989401956,-0.5268276276622146,-0.338275723447623,0.0,0.0,0.011120534936075899,0.0,0.0,0.0,-1.8205979620411767,-2.1496849932141373,-0.18670930850251466,-0.6076452052012513,0.02571025638701485,-6.56122556677019e-05
2022-05-08 23:54:00,33.0,-357.748046875,-184.39993296443572,-67.21820648721041,-65.06284430917731,-0.4400567340130692,-1.270439467237793,-0.8971345459522126,0.0,0.0,0.0379872932238996,0.0,0.0,0.0,-9.275805209794235,-6.817653778805038,-0.308699146322283,-0.5824147548738097,0.023771083149441097,-2.1822524814751887e-05
2022-05-09 01:21:00,30.0,268.2470703125,105.11313924122805,-112.95040987251559,-109.09481140197022,-2.0073663454734287,-1.9229404578088634,-1.6084176191272945,0.0,0.0,0.10251774474684439,0.0,0.0,0.0,-10.044212148952873,-5.769050284053762,0.03305622704267819,-0.552532016087298,0.021908180411685407,-2.5269455747434222e-05
2022-05-09 02:57:00,9.0,-862.998046875,-638.3211440762607,-284.5164985819574,-127.33400527647609,-3.3274373855697377,-2.425368859561786,-2.0624002148188083,0.0,0.0,0.20368918892776122,0.0,0.0,0.0,19.31631317416135,8.833415586389819,0.8310042622848073,-0.5175874821989197,0.020057533300231967,-2.2736370709708353e-05
2022-05-09 03:38:00,-55.0,446.4970703125,164.90179207456822,-57.709589877253165,-54.69073436281906,0.2652550758070902,-0.8446448703830356,-0.9538181376324246,0.0,0.00024312454216612878,0.12294071441262489,0.0,0.0,0.0,-2.6260361884964425,4.198862503173018,0.5653733051729404,-0.4783635797893311,0.017962260009738884,-3.775013256301918e-05
2022-05-09 04:05:00,-14.0,-269.9970703125,-17.926148898266547,-15.279435657888826,-35.77623455909634,-0.5186227862166106,-0.5749471240587809,-0.6462604857883889,0.0,0.0012785743384995385,0.0935452833745245,0.0,0.0,0.0,2.795900638292622,2.212606647096237,0.41877955923736465,-0.4343659591615534,0.016049357696445554,4.139596356367292e-06
2022-05-09 04:20:00,-12.0,280.751953125,58.82053895914578,-7.236187963251723,-19.7547404834404,-0.08987918730326783,-0.3467980747002457,-0.3640740294931675,0.0,0.0020767544956328265,0.056283928364546654,0.0,0.0,0.0,1.3392004064618703,1.1170297295635692,0.243953184403793,-0.38757222753356757,0.01392458598367341,-4.292600507938005e-06
2022-05-09 06:17:00,102.0,-441.00390625,-265.27592771266063,-104.88850388793799,-149.9677496636359,-3.627715640853239,-2.967145350101191,-2.8952069481472336,6.407643618899783e-05,0.3632101010309654,0.5336654921292308,0.0,0.0,0.0,9.021046289613764,5.650968268878444,1.9678196031168511,-0.3373887945641201,0.011893383767315413,1.5382736336277958e-05
2022-05-09 07:12:00,-62.0,356.001953125,153.40902206368628,-18.5695203452633,-67.32108956272714,-1.5572630166734598,-1.4318562207247396,-1.3347744999248334,0.859476555008964,0.7539320718794578,0.29235712103914935,0.0,0.0,0.0,-6.396543633351584,-1.31188784274201,0.8438790640250886,-0.2850074918732872,0.010139824676770104,1.5368685851058217e-05
2022-05-09 08:31:00,24.0,-526.33984375,-215.08990371062828,-32.62577546600369,-91.30966570124292,-1.6238748505729745,-2.931265963837177,-1.7805594341580218,1.877980127899928,1.274548345160433,0.4282095145477278,0.0,0.0,0.0,1.7297708633314244,-4.885390707562465,1.01936274384812,-0.23059821734923958,0.008122153299922275,5.9255040696371e-07
2022-05-09 09:14:00,-36.0,544.111328125,208.38827879714518,-49.50660624216107,-45.65777504926518,-3.3706743884172283,-2.264279558292401,-0.8606722346510196,0.07618058036484854,0.4518404615706615,0.22074405342812042,0.0,0.0,0.0,-13.649210147941979,-2.4126712025729375,0.449966361693626,-0.17458041408818303,0.005824649195631082,-2.2059588530964902e-05
2022-05-09 10:58:00,61.0,-1043.17333984375,-657.2979527841162,-331.98718072171323,-90.72941803058347,-6.547162009235308,-4.210139737782356,-1.6249824757028364,0.9272138673525845,0.6588305777604688,0.4379937105122451,0.0,0.0,0.0,19.722063500027765,6.513155460250616,0.7915838373256321,-0.11648992072903752,0.0040330807541977265,2.6040331221111046e-05
2022-05-09 11:56:00,-46.0,431.10087890625437,42.67432517400448,-123.890032012343,-33.27636578717647,2.0729465883377998,1.2484148308294607,-0.5635933579835637,-0.07327174496464295,0.005194596956883402,0.15776869392269788,0.0,0.0,0.0,-1.173129213755331,3.1778074254349917,0.26345305415918574,-0.058490013062808544,0.0019508221758286481,9.984010631569618e-06
